"mainImage","title","price","promotionPrice","discount","moq","companyName","reviewScore","reviewCount","deliveryEstimate","goldSupplierYears","productUrl"
"https://s.alicdn.com/@sc04/kf/Haf08170f68ef4e758f73a8ddd2b5e3fcM.png_300x300.png","High Quality Winter Velvet Designer <b>Robes</b> Women Flannel Custom Bath <b>Robe</b> With Hood Cute Bunny Hat <b>Robes</b> Femme","$17.99-19.99","",,"Min. order: 100 sets","Qingdao Essence Garment Co., Ltd.","4.9","45",,"7 yrs","https://www.alibaba.com/product-detail/High-Quality-Winter-Velvet-Designer-Robes_1601020623800.html"
"https://s.alicdn.com/@sc04/kf/H414476afb37d48c4874aabeba95ac3b2s.png_300x300.png","Customizable Modal <b>Robe</b> King Of Bathrobes Premium Quality Cotton Spa Bathrobe Terry Towelling Bathrobe","$3-12","",,"Min. order: 10 pieces","Guangxi Nanning Pengxuan Import And Export Co., Ltd.","4.4","22",,"13 yrs","https://www.alibaba.com/product-detail/Customizable-Modal-Robe-King-Of-Bathrobes_60561274773.html?s=p"
"https://s.alicdn.com/@sc04/kf/HTB1eTJIA_lYBeNjSszcq6zwhFXae.jpg_300x300.jpg","Turkish Towel <b>Robe</b> De Bain Peignoir Serviette Eponge Coton Hooded Towel <b>Robe</b> Towels Bath 100% Cotton <b>Robes</b>","$3-15","",,"Min. order: 50 pieces","Guangxi Nanning Pengxuan Import And Export Co., Ltd.","4.4","22",,"13 yrs","https://www.alibaba.com/product-detail/Turkish-Towel-Robe-De-Bain-Peignoir_1600374147148.html"
"https://s.alicdn.com/@sc04/kf/H6c2918cc53894ce2804dd2df9502870eY.jpg_300x300.jpg","Private Label Super Soft Fluffy Custom Towelling Women Bathrobe White Sleepwear Spa Terry Hotel Bath <b>Robe</b>","$6.60-8.40","",,"Min. order: 2 pieces","Anhui Jinzhan Textile Co., Ltd.","4.8","54",,"5 yrs","https://www.alibaba.com/product-detail/Private-Label-Super-Soft-Fluffy-Custom_1600318304315.html?s=p"
"https://s.alicdn.com/@sc04/kf/Hdb04058b6907489ca93fe81d23c951aeX.jpg_300x300.jpg","Bathrobe Long Bath <b>Robe</b> Mens Womens Unisex Sleepwear Letters Printing Blend Versaelies Versale2 Cotton Fabric Wholesale","$80","",,"Min. order: 1 bag","Guangzhou Tangyinghui Trading Co., Ltd.","4.5","3",,"1 yr","https://www.alibaba.com/product-detail/Bathrobe-Long-Bath-Robe-Mens-Womens_1601629328802.html"
"https://s.alicdn.com/@sc04/kf/H52a445afd2b74f07a2fc2eb0d5737f7bq.jpg_300x300.jpg","Super Soft Fluffy Terry Towelling Bathrobe For Spa Terry Hotel Bath <b>Robe</b> With Custom Logo","$10.60-12.40","",,"Min. order: 2 pieces","Anhui Jinzhan Textile Co., Ltd.","4.8","54",,"5 yrs","https://www.alibaba.com/product-detail/Super-Soft-Fluffy-Terry-Towelling-Bathrobe_1600318354214.html?s=p"
"https://s.alicdn.com/@sc04/kf/A6362f818cdb24d9fbf5e7abc78f00ea2x.jpg_300x300.jpg","Super Warm 100% Cotton Bathrobe Hotel Spa Luxury Velvet Bathrobe","$6.60-8.40","",,"Min. order: 2 pieces","Anhui Jinzhan Textile Co., Ltd.","4.8","54",,"5 yrs","https://www.alibaba.com/product-detail/Super-Warm-100-Cotton-Bathrobe-Hotel_11000025870041.html"
"https://s.alicdn.com/@sc04/kf/H69c241445f104558826a3409abe620b2f.jpg_300x300.jpg","Spa 100% Cotton Towel Bathrobe Customised Comfortable Warm Hooded Terry Cloth <b>Robes</b> Custom <b>Robe</b> With Hood","$3-12","",,"Min. order: 10 pieces","Guangxi Nanning Pengxuan Import And Export Co., Ltd.","4.4","22",,"13 yrs","https://www.alibaba.com/product-detail/Spa-100-Cotton-Towel-Bathrobe-Customised_60512491692.html?s=p"
"https://s.alicdn.com/@sc04/kf/Hed51e89b5d4949548faf27d5df4a1c3d3.png_300x300.png","Wholesale Women High Quality Elegant <b>Robes</b> Soft Satin Sleeve Bathrobe Women's Sexy Lace Wear Ladies Pajamas Camisole <b>Robe</b> Set","$2.89-8.89","",,"Min. order: 50 pieces","Weifang Joymay Textile Technology Co., Ltd","4.5","9",,"3 yrs","https://www.alibaba.com/product-detail/Wholesale-Women-High-Quality-Elegant-Robes_1601624027951.html"
"https://s.alicdn.com/@sc04/kf/Hb4a3771ea0ad4e89bf6447afe0f0989d1.jpg_300x300.jpg","Plus Size Silk Lace <b>Robe</b> Polyester Bridal <b>Robe</b> Bridesmaid Gift OEM High Quality Satin Plain Bath <b>Robe</b> With Lace Trim","$6.60","",,"Min. order: 10 pieces","Zhong Shun Shi He (BeiJing) Textile Ltd","0.0","0","Delivery by Apr 08","1 yr","https://www.alibaba.com/product-detail/Plus-Size-Silk-Lace-Robe-Polyester_1601696536760.html?s=p"
"https://s.alicdn.com/@sc04/kf/Ha4d99762416d466bbb89c206f0c212a4o.jpg_300x300.jpg","Premium Quality Luxury Hotel 100% Cotton Mens and Women Bathrobe Wholesale Waffle Bathrobe","$3-12","",,"Min. order: 50 pieces","Guangxi Nanning Pengxuan Import And Export Co., Ltd.","4.4","22",,"13 yrs","https://www.alibaba.com/product-detail/Premium-Quality-Luxury-Hotel-100-Cotton_1601033323354.html"
"https://s.alicdn.com/@sc04/kf/H3903e9afe3f34aa293623e8796418373d.jpg_300x300.jpg","Customized Women And Men Cotton <b>Robes</b> Lounge Wear Solid Woven Long Bathrobe","$7.59-8.96","",,"Min. order: 1 piece","Hangzhou Jinhong Imports And Exports Co., Ltd.","4.7","3",,"5 yrs","https://www.alibaba.com/product-detail/Customized-Women-And-Men-Cotton-Robes_1600406918341.html?s=p"
"https://s.alicdn.com/@sc04/kf/H5da91801482b46d19d9b4efd591c2e97s.png_300x300.png","2026 New Modest <b>Robe</b> Luxury Womens Solid Color V-neck Long Sleeve Knit Mermaid Dress with Ruffle Cuffs Casual <b>Robe</b> Female Dress","$32-35","",,"Min. order: 3 pieces","Guangzhou MZ clothes Co., Ltd.","4.2","25",,"2 yrs","https://www.alibaba.com/product-detail/2026-New-Modest-Robe-Luxury-Womens_1601536100279.html"
"https://s.alicdn.com/@sc04/kf/H74d2e6a5f3f74b71a11b6d1e8d93d5dbK.jpg_300x300.jpg","Luxury <b>Robe</b> Long Bridal Morning <b>Robe</b> Spring Silk Long Style Ladies Formal Dress Wedding Bridesmaid","$7.50","",,"Min. order: 2 pieces","Zhong Shun Shi He (BeiJing) Textile Ltd","0.0","0","Delivery by Mar 20","1 yr","https://www.alibaba.com/product-detail/Luxury-Robe-Long-Bridal-Morning-Robe_1601696883454.html?s=p"
"https://s.alicdn.com/@sc04/kf/H8d1529747f7046c1ad604635fb7efff0p.png_300x300.png","100% Cotton Terry Cloth <b>Robe</b> Luxury Soft Embossed Jacquard Unisex Bathrobe Custom Warm Cotton <b>Robes</b>","$9.68-10.21","",,"Min. order: 500 pieces","Huaian Meisiyu Textiles Co., Ltd.","4.8","34",,"11 yrs","https://www.alibaba.com/product-detail/100-Cotton-Terry-Cloth-Robe-Luxury_1601277121040.html"
"https://s.alicdn.com/@sc04/kf/H65eade0ab747413fa8655e561ff324daQ.jpg_300x300.jpg","Bathrobe Customised Coral Fleece Pink Leopard Print Sleepwear Comfortable Warm Hooded Soft Cloth <b>Robes</b> With Logo","$10.21-12.57","",,"Min. order: 50 pieces","Huai'an Songmian Textile Co., Ltd.","4.8","67",,"3 yrs","https://www.alibaba.com/product-detail/Bathrobe-Customised-Coral-Fleece-Pink-Leopard_1601613422382.html?s=p"
"https://s.alicdn.com/@sc04/kf/H78876e1d7eec4ae89c72ad629412f998T.jpg_300x300.jpg","Customize Solid Color Winter Fashionable 3 Piece <b>Robe</b> Set Women Hooded Pajamas Breathable Sleepwear Winter Loungewear","$6.72","",,"Min. order: 200 sets","Guangzhou Autumn Chant Trading Co., Ltd.","4.7","42",,"3 yrs","https://www.alibaba.com/product-detail/Customize-Solid-Color-Winter-Fashionable-3_1601256669235.html"
"https://s.alicdn.com/@sc04/kf/Ae2df1cd18409419b8d00944be315d9e6d.jpg_300x300.jpg","Modal Maxi <b>Robe</b> Long Sleeve Sleep <b>Robe</b> For Women Clothes Sustainable Jersey Long <b>Robe</b> Custom Women's Kimono <b>Robe</b>","$7.90-12.80","",,"Min. order: 100 pieces","Taian Lianchuang Textile Co., Ltd.","4.8","16",,"18 yrs","https://www.alibaba.com/product-detail/Modal-Maxi-Robe-Long-Sleeve-Sleep_11000030949125.html?s=p"
"https://s.alicdn.com/@sc04/kf/Ada7cd08976ec4741ae37810d4952b5f5x.jpg_300x300.jpg","New Trendy Floral Print V-neck Three Quarter Sleeve Kimono Cotton <b>Robe</b> for Women Breathable Custom Length Knee Belted Design","$9.99-19.99","",,"Min. order: 10 pieces","ETHNIC TRADERS","5.0","1",,"5 yrs","https://www.alibaba.com/product-detail/New-Trendy-Floral-Print-V-neck_10000008738285.html"
"https://s.alicdn.com/@sc04/kf/H202250db19db4a3399322e678f7bc622L.jpg_300x300.jpg","Custom LOGO Waffle Bathrobe Quick Dry Bathroom <b>Robes</b> Wholesale Mans Cotton Woven Waffle Spa Bath <b>Robe</b>","$6.58-7.58","",,"Min. order: 100 pieces","Huai'an Yunzhi Import And Export Co., Ltd.","4.9","8",,"1 yr","https://www.alibaba.com/product-detail/Custom-LOGO-Waffle-Bathrobe-Quick-Dry_1601672384786.html?s=p"
"https://s.alicdn.com/@sc04/kf/Hee8a07373dd34e75a5fd225f907116ebk.png_300x300.png","Unisex Luxury 100% Cotton Terry V-Neck Long Sleeve Drawstring Closure Breathable Quick Dry Thermal Knee Length <b>Robe</b> Set for Home","$10.80-12","",,"Min. order: 100 pieces","Huaian Goodlife Textile Co., Ltd.","4.9","40",,"9 yrs","https://www.alibaba.com/product-detail/Unisex-Luxury-100-Cotton-Terry-V_1601157923209.html"
"https://s.alicdn.com/@sc04/kf/H85cc08f5c41c45e9a4dc2d235ab1a057L.jpg_300x300.jpg","White Waffle Bath <b>Robe</b> Luxury Long Cotton Waffle Bathrobe Spa <b>Robe</b> Lightweight Kimono Waffle <b>Robe</b>","$7.70","$6.93","10% off","Min. order: 50 pieces","Huaian Meisiyu Textiles Co., Ltd.","4.8","34","Delivery by May 23","11 yrs","https://www.alibaba.com/product-detail/White-Waffle-Bath-Robe-Luxury-Long_60434689981.html?s=p"
"https://s.alicdn.com/@sc04/kf/Hf2a3c40f1d6f4c3cb1973aa345bd1c08a.jpg_300x300.jpg","New Arrival Elegant and Luxury Women's Kimono <b>Robe</b> Half Sleeve Long Loose Floral Print Sleep Bathrobe","$12.48-12.88","",,"Min. order: 1,000 pieces","Wuhan Glory Trading Co., Ltd.","4.6","13",,"4 yrs","https://www.alibaba.com/product-detail/New-Arrival-Elegant-and-Luxury-Women_1601648100024.html"
"https://s.alicdn.com/@sc04/kf/U39e7eeee34534051909093f2fc68a28a4.jpg_300x300.jpg","Lace <b>Robe</b> Satin Personalized Bride <b>Robe</b> Satin Women Wedding Wholesale Bridal Shower Bride and Bridesmaid <b>Robes</b>","$6.60","",,"Min. order: 10 pieces","Zhong Shun Shi He (BeiJing) Textile Ltd","0.0","0","Delivery by Mar 26","1 yr","https://www.alibaba.com/product-detail/Lace-Robe-Satin-Personalized-Bride-Robe_1700007526590.html?s=p&selectedCarrierCode=SEMI_MANAGED_STANDARD@@STANDARD"
"https://s.alicdn.com/@sc04/kf/H5ec4a646dc504baba8e5c49afb42290e8.jpg_300x300.jpg","Lightweight Thermal Terry Cloth Couple Hooded Bath <b>Robe</b> 100% Cotton Turkish Towel Embroidery Breathable Quick Dry for Men Women","$9.99-13.87","",,"Min. order: 2 pieces","Shanghai Nestex Co., Ltd.","4.8","30",,"8 yrs","https://www.alibaba.com/product-detail/Lightweight-Thermal-Terry-Cloth-Couple-Hooded_62346339125.html"
"https://s.alicdn.com/@sc04/kf/Hf350f6d918e44bdda3bf8a7986e490f0j.jpg_300x300.jpg","Luxurious Breathable Bath <b>Robes</b> Warm Dressing Gown Soft Plush Cotton Hooded Mens Bathrobes With Pockets","$7.56-15","",,"Min. order: 20 pieces","Huaian Meisiyu Textiles Co., Ltd.","4.8","34",,"11 yrs","https://www.alibaba.com/product-detail/Luxurious-Breathable-Bath-Robes-Warm-Dressing_1601219730644.html?s=p"
"https://s.alicdn.com/@sc04/kf/A19263f81bad445799547bcabce3d99faE.jpg_300x300.jpg","Women's New Trending Lightweight Kimono <b>Robe</b> Bath Gown Spring Classic Style Sexy Knee-Length Sleepwear with Soft Material","$28","",,"Min. order: 10 pieces","Haven Apparels","0.0","0",,"2 yrs","https://www.alibaba.com/product-detail/Women-s-New-Trending-Lightweight-Kimono_10000034658438.html"
"https://s.alicdn.com/@sc04/kf/Hc54ddebe0bac4e268ade1b20cb5f64770.jpg_300x300.jpg","Women's Europe Luxury Elegant Oversize Winter Bathrobe Cozy Comfort Warm Solid Flannel Fleece Sleepwear Single Layer Long Adults","$5.19-6.19","",,"Min. order: 50 pieces","Tiantai Jinlan Home Textile Co., Ltd.","5.0","7",,"1 yr","https://www.alibaba.com/product-detail/Women-s-Europe-Luxury-Elegant-Oversize_1601559096967.html?s=p"
"https://s.alicdn.com/@sc04/kf/He85f3e73350340478bbe786dcd4a4b68q.png_300x300.png","Premium Saudi Thobe for Men - Breathable Polyester Islamic <b>Robe</b> | Bulk Wholesale |","$8.88","",,"Min. order: 192 pieces","Xi'an Credit Trade Co., Ltd.","4.3","9",,"16 yrs","https://www.alibaba.com/product-detail/Premium-Saudi-Thobe-for-Men-Breathable_996898815.html"
"https://s.alicdn.com/@sc04/kf/H8458e6f8bdd5486ea728efc92b51205cz.jpg_300x300.jpg","Luxury Super Soft Mens Coral Fleece Fashion Bathrobe","$5.50","",,"Min. order: 2 pieces","Shijiazhuang Meienbang Import & Export Trade Co., Ltd.","4.9","30",,"9 yrs","https://www.alibaba.com/product-detail/Luxury-Super-Soft-Mens-Coral-Fleece_1600355236587.html?s=p"
"https://s.alicdn.com/@sc04/kf/H8b10f861a4c4450b97c9958683f3b904l.jpg_300x300.jpg","Loriya New Premium Satin Muslim Casual Dresses Women Lady Elegant Embroidery Abaya Femmes <b>Robe</b> Musulmane Islamic Clothing","$10.70-13.70","",,"Min. order: 2 pieces","Changsha Loriya Garment Ltd.","4.7","281",,"11 yrs","https://www.alibaba.com/product-detail/Loriya-New-Premium-Satin-Muslim-Casual_1601165361203.html"
"https://s.alicdn.com/@sc04/kf/H34a0e37d9a1a40e48a143ddbff550277S.png_300x300.png","Women Bathrobe <b>Robe</b> Breathable Spa Hotel Lightweight Cotton Waffle Bath <b>Robe</b>","$15.50-18.96","",,"Min. order: 100 pieces","Qingdao Essence Garment Co., Ltd.","4.9","45",,"7 yrs","https://www.alibaba.com/product-detail/Women-Bathrobe-Robe-Breathable-Spa-Hotel_1600893104224.html?s=p"
"https://s.alicdn.com/@sc04/kf/Ha6daa2674b3b4ceeb5c69af13e453b57a.jpg_300x300.jpg","Free logo Pajamas New Large Size Brand Silk Dress <b>Robes</b> Luxury Muslim Long <b>Robe</b> with Scarf Custom Casual Plus Size","$8.80","",,"Min. order: 1 piece","Guangzhou Fei Mei Er International Trading Co., Ltd.","4.5","272","Delivery by Mar 20","10 yrs","https://www.alibaba.com/product-detail/Free-logo-Pajamas-New-Large-Size_1600947187953.html"
"https://s.alicdn.com/@sc04/kf/Hbc6674de0a7746dc9ac631a0fc334a2cm.jpg_300x300.jpg","Various Styles Luxury Microfiber Bathrobe Long Hotel Spa <b>Robes</b> For Women And Men","$7.59-8.96","",,"Min. order: 1 piece","Hangzhou Jinhong Imports And Exports Co., Ltd.","4.7","3",,"5 yrs","https://www.alibaba.com/product-detail/Various-Styles-Luxury-Microfiber-Bathrobe-Long_1600406928195.html?s=p"
"https://s.alicdn.com/@sc04/kf/Hf16795d1b8cb43f2848df9beafc8f1fer.jpg_300x300.jpg","Classic <b>Robe</b> with Hood 100% Cotton Terry Cloth Bathrobe Soft Knee Length for Hotel Use for Summer Autumn Spring","$13","",,"Min. order: 300 pieces","Huai An Bodhi Textile Co., Ltd.","5.0","7",,"2 yrs","https://www.alibaba.com/product-detail/Classic-Robe-with-Hood-100-Cotton_1601563007437.html"
"https://s.alicdn.com/@sc04/kf/H57593dd4a5714acd8bb1732c454b6fe5j.jpg_300x300.jpg","Custom Morning Lingerie Night <b>Robe</b> 2024 Model <b>Robes</b> De Chambre 100 Cotton Bathrobe","$8.17","",,"Min. order: 5 pieces","Huai'an Songmian Textile Co., Ltd.","4.8","67",,"3 yrs","https://www.alibaba.com/product-detail/Custom-Morning-Lingerie-Night-Robe-2024_1601382232575.html?s=p"
"https://s.alicdn.com/@sc04/kf/H5932063e4f99455594b584ed15a27714Z.png_300x300.png","Wholesale Luxury Fashion Ankle-Length 230gsm Knitted Modal <b>Robe</b> Sleepwear for Women Breathable Soft Long Sleeves Morning Gown","$15.40","",,"Min. order: 5 pieces","Nantong Qianyue Textile Co., Ltd.","4.9","29","Delivery by Mar 26","11 yrs","https://www.alibaba.com/product-detail/Wholesale-Luxury-Fashion-Ankle-Length-230gsm_1601700514730.html?selectedCarrierCode=SEMI_MANAGED_STANDARD@@STANDARD"
"https://s.alicdn.com/@sc04/kf/Hf966ca5466e44711bdab37f83ca73e1bT.jpg_300x300.jpg","Manufacturers Wholesale Bathrobes 100% Men's And Ladies Bathrobe Luxury Hotel Spa <b>Robe</b>","$7.59-8.96","",,"Min. order: 1 piece","Hangzhou Jinhong Imports And Exports Co., Ltd.","4.7","3",,"5 yrs","https://www.alibaba.com/product-detail/Manufacturers-Wholesale-Bathrobes-100-Men-s_10000005713470.html?s=p"
"https://s.alicdn.com/@sc04/kf/H4f50feaffe094c01a1c3bf1e209d958fw.jpg_300x300.jpg","Luxury Abaya Elegant Turkish Dubai Islamic Clothing Satin Silk Kimono Open Abaya Women Muslim Dress Long <b>Robe</b> Cardigan","$14.80","",,"Min. order: 1 piece","Xi'an Uni Trading Co., Ltd.","4.6","85","Delivery by Mar 27","4 yrs","https://www.alibaba.com/product-detail/Luxury-Abaya-Elegant-Turkish-Dubai-Islamic_1601431731256.html"
"https://s.alicdn.com/@sc04/kf/HTB1Ci2HkGAoBKNjSZSyq6yHAVXak.jpg_300x300.jpg","Warm Flannel Fleece Unisex Long Bathrobe For Home","$6.18","",,"Min. order: 20 pieces","Aoyatex Co., Ltd.","4.7","39","Delivery by May 16","17 yrs","https://www.alibaba.com/product-detail/Warm-Flannel-Fleece-Unisex-Long-Bathrobe_60566242176.html?s=p"
"https://s.alicdn.com/@sc04/kf/Hc2aca795d7354217a1415d31bff8aaf66.jpg_300x300.jpg","Premium Animal Print Lounge Set Soft Polyester <b>Robe</b> & Shawl Lightweight with Sun Protection for Spring Summer Party","$4.60","",,"Min. order: 20 pieces","Yiwu Lanying Clothing Co., Ltd.","4.6","50","Delivery by Apr 16","4 yrs","https://www.alibaba.com/product-detail/Premium-Animal-Print-Lounge-Set-Soft_1601683326317.html"
"https://s.alicdn.com/@sc04/kf/H5aad80b477b949db9052317bc9a47407V.jpg_300x300.jpg","Premium Quality 100% Cotton Wholesale Waffle Bathrobe","$8.10-8.90","",,"Min. order: 20 pieces","Shanghai General Textile Co., Ltd.","4.8","104",,"10 yrs","https://www.alibaba.com/product-detail/Premium-Quality-100-Cotton-Wholesale-Waffle_60767951869.html?s=p"
"https://s.alicdn.com/@sc04/kf/H609d4d57e301477fb48ffe810dd5a7beG.jpg_300x300.jpg","Aschulman Latest EID Custom 2024 Abaya Femmes <b>Robe</b> Musulmane Abaya Wholesale Customize Abaya","$13.64-15.98","",,"Min. order: 50 pieces","Henan ASchulman Information Technology Co., Ltd.","4.9","55",,"6 yrs","https://www.alibaba.com/product-detail/Aschulman-Latest-EID-Custom-2024-Abaya_1601196035984.html"
"https://s.alicdn.com/@sc04/kf/H8dc52009faf04a0a9c956a41172afcfaz.jpg_300x300.jpg","Coral Fleece Soft Thick Hooded Bath <b>Robe</b> Warm House Coat Women Men Absorbent Hotel Spa Adult Bathrobe","$6.40-7.30","",,"Min. order: 50 pieces","Shaoxing Xiaoxu Import And Export Co., Ltd.","4.9","51",,"4 yrs","https://www.alibaba.com/product-detail/Coral-Fleece-Soft-Thick-Hooded-Bath_1601521256960.html?s=p"
"https://s.alicdn.com/@sc04/kf/Abd6c0a9265804a25ba0028ff98af4b2ar.jpg_300x300.jpg","Unisex Free Size Silk Chiffon Kimono <b>Robe</b> V-neck Drawstring Closure Full Length Casual Dressing Gown Summer Autumn Women's","$10-15","",,"Min. order: 10 pieces","SHREE BALAJI TEXTILES","0.0","0",,"4 yrs","https://www.alibaba.com/product-detail/Unisex-Free-Size-Silk-Chiffon-Kimono_10000024638732.html"
"https://s.alicdn.com/@sc04/kf/Hd06cb9a8c37141f6935d4b06d8a93bf6J.jpg_300x300.jpg","2 Piece Super Soft Modal Belted <b>Robe</b> Fashion Loungewear Women Sets Custom High Quality Bathrobe","$16.68-18.98","",,"Min. order: 100 pieces","Qingdao Glamour Garment Co., Ltd.","4.9","23",,"8 yrs","https://www.alibaba.com/product-detail/2-Piece-Super-Soft-Modal-Belted_1601042869912.html?s=p"
"https://s.alicdn.com/@sc04/kf/H0bb12128dcbe4ac4b60ca23410a3617cI.jpg_300x300.jpg","Women's Plus Size Dashiki New Design Ethnic African Fashion Print <b>Robe</b> with Waist Adjustment Heavy Industry Temperament Gauze","$5","",,"Min. order: 120 pieces","Guangzhou Xiangfeiche Trading Co., Ltd.","4.4","64",,"3 yrs","https://www.alibaba.com/product-detail/Women-s-Plus-Size-Dashiki-New_1601447934036.html"
"https://s.alicdn.com/@sc04/kf/H43ccec74a5b74739bf95b8d10d5afdcdl.jpg_300x300.jpg","Embroidered Logo 100% Cotton Bath <b>Robe</b> Warm Double Waffle Custom Hotel Bathrobe","$11.50-14.50","",,"Min. order: 10 pieces","Huai'an Songmian Textile Co., Ltd.","4.8","67",,"3 yrs","https://www.alibaba.com/product-detail/Embroidered-Logo-100-Cotton-Bath-Robe_1601434497171.html?s=p"
"https://s.alicdn.com/@sc04/kf/Hbda8a3820b3f46a2b010aa19df194439Y.jpg_300x300.jpg","Wholesale New Designer Home Shower <b>Robe</b> Thick Coral Fleece Bathrobe For Unisex","$7.59-8.96","",,"Min. order: 1 piece","Hangzhou Jinhong Imports And Exports Co., Ltd.","4.7","3",,"5 yrs","https://www.alibaba.com/product-detail/Wholesale-New-Designer-Home-Shower-Robe_1600552735301.html?s=p"
"https://s.alicdn.com/@sc04/kf/H0aaac73898584933abc36b60181e73427.jpg_300x300.jpg","Quick-drying Bath <b>Robes</b> Custom Cotton <b>Robe</b> <b>Robes</b> Luxury Dress Two Pieces Sleepwear Custom Night Wear for Women Clothes Vietnam","$11.61-16.47","",,"Min. order: 100 pieces","HO CHI MINH GLAMOUR GARMENT COMPANY LIMITED","0.0","0",,"1 yr","https://www.alibaba.com/product-detail/Quick-drying-Bath-Robes-Custom-Cotton_1601685448146.html"
"https://s.alicdn.com/@sc04/kf/Hee4434ba9dc64a959eba1c67751d1af66.jpg_300x300.jpg","Super Fluffy Custom Logo Luxury Hotel Spa Aesthetic Unisex Bath <b>Robe</b> Coral Fleece Pink Bathrobe Towel For Beauty","$7.58-7.98","",,"Min. order: 500 pieces","Wuxi East-Sunshine Textile Science And Technology Co., Ltd.","4.8","22",,"9 yrs","https://www.alibaba.com/product-detail/Super-Fluffy-Custom-Logo-Luxury-Hotel_1600567054561.html?s=p"
"https://s.alicdn.com/@sc04/kf/A70c26f994a6b48a18bf322c950f6335dr.jpg_300x300.jpg","Elegant Cotton <b>Robe</b> Thin Cozy Bath Wear Natural Printed Sweet Kimono Dressing Gown Luxury Housecoat Pocket Soft Woven Spa <b>Robe</b>","$20-30","",,"Min. order: 2 pieces","MORVINANDAN ENTERPRISE","0.0","0",,"2 yrs","https://www.alibaba.com/product-detail/Elegant-Cotton-Robe-Thin-Cozy-Bath_10000022451338.html"
"https://s.alicdn.com/@sc04/kf/S0860b4422086418fbe804c96d19334d4z.png_300x300.png","Hotel Luxury Satin Kimono <b>Robe</b>, Floral Printed Long Sleeve Sleep <b>Robe</b> With Belt For Resort And Guest Room Use","$15-19","",,"Min. order: 30 pieces","KUNHO Textiles (Tianjin) Co., Ltd.","0.0","0",,"1 yr","https://www.alibaba.com/product-detail/Hotel-Luxury-Satin-Kimono-Robe-Floral_10000039709117.html?s=p"
"https://s.alicdn.com/@sc04/kf/Hf42a942e6f824f67878aa3eca060ca6bU.jpg_300x300.jpg","Oversized 100% Polyester Pongee Hairdressing Cape Custom Logo MOQ50 Silicone Neck Adjustable Snap Closure Waterproof Barber Cape","$1.20-2.28","",,"Min. order: 10 pieces","Shanghai Longsee International Trading Co., Ltd.","4.4","118","Delivery by Mar 21","9 yrs","https://www.alibaba.com/product-detail/Oversized-100-Polyester-Pongee-Hairdressing-Cape_1601446060516.html?selectedCarrierCode=SEMI_MANAGED_STANDARD@@STANDARD"
"https://s.alicdn.com/@sc04/kf/Hc2805c3451fd4f1dbdf5fbf9af4d3971o.jpg_300x300.jpg","Ready To Ship Coral Fleece Bathrobe High Quality Woman <b>Robe</b>","$5.40-5.50","",,"Min. order: 2 pieces","Shijiazhuang Meienbang Import & Export Trade Co., Ltd.","4.9","30",,"9 yrs","https://www.alibaba.com/product-detail/Ready-To-Ship-Coral-Fleece-Bathrobe_1600367714093.html?s=p"
"https://s.alicdn.com/@sc04/kf/H5faa0521eefd4114b3c4324a16257afeo.png_300x300.png","African Plus Size Lace Kaftan Dress for Women Traditional Boubou Nigerian Ankara <b>Robe</b> with Inner Dress","$20.59-23.59","",,"Min. order: 5 pieces","Wuhan Hongbo Mingchuang E-Commerce Co., Ltd.","4.5","46",,"5 yrs","https://www.alibaba.com/product-detail/African-Plus-Size-Lace-Kaftan-Dress_1601469429005.html"
"https://s.alicdn.com/@sc04/kf/H24734a04c3c3462798555e06015eec24j.png_300x300.png","Custom Logo 5 Star Hotel White 100% Cotton Waffle Wholesale Bathrobe","$7.28-8.18","",,"Min. order: 20 pieces","Tourel (Changsha) Hotel Supplies Co., Ltd.","4.9","82",,"10 yrs","https://www.alibaba.com/product-detail/Custom-Logo-5-Star-Hotel-White_60694354293.html?s=p"
"https://s.alicdn.com/@sc04/kf/A99ab106c885b439da66b88f8acfa0867u.jpeg_300x300.jpeg","Breathable Anti-Wrinkle Dubai Abayas Moroccan Kaftan Women Viscose Silk Square Neck Ramzan Muslim Floor Length Long Sleeve Solid","$16","",,"Min. order: 2 sets","HN Impex","0.0","0",,"1 yr","https://www.alibaba.com/product-detail/Breathable-Anti-Wrinkle-Dubai-Abayas-Moroccan_11000025954703.html"
"https://s.alicdn.com/@sc04/kf/H8b12e34a93414b7ea1f4d643dd945479K.jpg_300x300.jpg","White Faux Mink <b>Robe</b>- Style Women's Winter Coat","$19.30-20.80","",,"Min. order: 100 pieces","Hebei Jiamante Clothing Co., Ltd.","0.0","0",,"1 yr","https://www.alibaba.com/product-detail/White-Faux-Mink-Robe-Style-Women_1601696399425.html?s=p"
"https://s.alicdn.com/@sc04/kf/Aca5e6ec984a943389bc5efa08abb2a79n.png_300x300.png","Manufactory Custom Color Soft Cotton Material Vintage Winter Womens Bathrobe Luxury Plush Adult Bathrobe Hotel","$14.58","",,"Min. order: 2 kilograms","SMITHY SPORTS","1.6","4",,"2 yrs","https://www.alibaba.com/product-detail/Manufactory-Custom-Color-Soft-Cotton-Material_10000036061080.html"
"https://s.alicdn.com/@sc04/kf/A38773246e230458d9a75f2f14e92fba9U.jpg_300x300.jpg","Custom Floral Print Women's Luxury Kimono Knit Bamboo Bath Dressing Gown Knee Length <b>Robes</b>","$15.34-17.25","",,"Min. order: 100 pieces","Qingdao Essence Garment Co., Ltd.","4.9","45",,"7 yrs","https://www.alibaba.com/product-detail/Custom-Floral-Print-Women-s-Luxury_11000008476906.html?s=p"
"https://s.alicdn.com/@sc04/kf/Hb806131875dc47c09cbbc169663a51cbc.jpg_300x300.jpg","Women's Elegant Moroccan Diamond Kaftan Modest Elegant <b>Robe</b> Stand Collar for Spring Party Inspired Middle Eastern Muslim Culture","$8.80-16.80","",,"Min. order: 2 pieces","Guangzhou Housaile E-Commerce Co., Ltd.","4.6","30","Delivery by Mar 25","4 yrs","https://www.alibaba.com/product-detail/Women-s-Elegant-Moroccan-Diamond-Kaftan_1600935821797.html"
"https://s.alicdn.com/@sc04/kf/Hc62f70c1a065438984aa8a0365b883f20.jpg_300x300.jpg","Wholesale Women Plush Fleece <b>Robe</b> Soft Textured Bathrobe Lady Cozy Spa Long <b>Robe</b> For All Season","$7.20","",,"Min. order: 100 pieces","Hangzhou Babycat Textile Co., Ltd.","0.0","0","Delivery by May 23","8 yrs","https://www.alibaba.com/product-detail/Wholesale-Women-Plush-Fleece-Robe-Soft_1601038312658.html?s=p"
"https://s.alicdn.com/@sc04/kf/H93dd78ea5c2e44c6a6ab28f32fb3fd01w.jpg_300x300.jpg","Ready to Ship Luxury 100% Jersey Cotton Bath <b>Robe</b> Pajamas Solid Color with Filling Suit Collar Classic Style Night <b>Robe</b>","$28","",,"Min. order: 1 piece","Qingdao Shengsheng Textile Co., Limited","4.9","39","Delivery by Apr 08","11 yrs","https://www.alibaba.com/product-detail/Ready-to-Ship-Luxury-100-Jersey_1601113599983.html"
"https://s.alicdn.com/@sc04/kf/S649312bf3fe647929ee8a04ecd2e67bea.jpg_300x300.jpg","Tiktok Popular Women's Satin <b>Robe</b> Elegant Black Yellow Gingko Print Japanese Style Kimono <b>Robes</b>","$21.28-24.88","",,"Min. order: 100 sets","Foshan FUN-CITY Garments Co., Ltd.","0.0","0",,"7 yrs","https://www.alibaba.com/product-detail/Tiktok-Popular-Women-s-Satin-Robe_1600239829895.html?s=p"
"https://s.alicdn.com/@sc04/kf/A8907e25cffec4a74afa41ffedf49aa424.jpg_300x300.jpg","Hooded Satin Women's & Men's Bathrobe with V-neck Drawstring Closure Ankle-Length Sleepwear for Spring Season","$13.49-14.99","",,"Min. order: 10 pieces","CAPTAIN IMPEX.","0.0","0",,"2 yrs","https://www.alibaba.com/product-detail/Hooded-Satin-Women-s-Men-s_10000024594218.html"
"https://s.alicdn.com/@sc04/kf/Hd2040cd2e7ea4940b89a718f678823b1V.png_300x300.png","2026 New Wholesale Luxury Black Bathrobe Custom Logo Warm And Thick Women's Bathrobe 100% Flannel Fashionable Bath <b>Robe</b>","$9.56-11.49","",,"Min. order: 50 pieces","Huai'an Songmian Textile Co., Ltd.","4.8","67",,"3 yrs","https://www.alibaba.com/product-detail/2026-New-Wholesale-Luxury-Black-Bathrobe_1601620110161.html?s=p"
"https://s.alicdn.com/@sc04/kf/A7d65bb0d2b084387ac15d2d6c926ae0cC.jpg_300x300.jpg","Women Sexy Summer Floral Soft Spandex/Nylon Lingerie Set 2 Piece Babydoll Lace Kimono <b>Robe</b> Strap Chemise Sleepwear Shorts","$2.89-3.19","",,"Min. order: 30 pieces","RYZEAL LTD","0.0","0",,"2 yrs","https://www.alibaba.com/product-detail/Women-Sexy-Summer-Floral-Soft-Spandex_10000027056410.html"
"https://s.alicdn.com/@sc04/kf/Aaf5391f0dd9845f9b3e18ab271eaeb6ez.png_300x300.png","100% Cotton Terry Bathrobe 360 GSM Soft Pastel Colors Available In M/L/XL Sizes For Home Use","$13.50","",,"Min. order: 500 pieces","ANITA KONFEKSIYON TEKSTIL SANAYI VE TICARET LIMITED SIRKETI","0.0","0",,"1 yr","https://www.alibaba.com/product-detail/100-Cotton-Terry-Bathrobe-360-GSM_11000023521769.html?s=p"
"https://s.alicdn.com/@sc04/kf/H8f7c43393525480f869978b4883146f6v.jpg_300x300.jpg","Direct Factory Supply Elegant Summer <b>Robe</b> New Pure Color Satin Dress Bat Sleeves for Ramadan Polyester Material Simple Shiny","$8.99-9.79","",,"Min. order: 3 pieces","Zhengzhou Aoling Clothing Co., Ltd.","4.8","19",,"1 yr","https://www.alibaba.com/product-detail/Direct-Factory-Supply-Elegant-Summer-Robe_1601703711224.html"
"https://s.alicdn.com/@sc04/kf/Hf396694725f04bec8503c342b55f1e36T.jpg_300x300.jpg","Organic Bamboo Bathrobe Organic Sustainable Bamboo Terry Kimono Bathrobe Custom Terry Bath <b>Robe</b> Eco Friendly Terry Bath <b>Robe</b>","$15.60-18.40","",,"Min. order: 100 pieces","Taian Lianchuang Textile Co., Ltd.","4.8","16",,"18 yrs","https://www.alibaba.com/product-detail/Organic-Bamboo-Bathrobe-Organic-Sustainable-Bamboo_1600862892699.html?s=p"
"https://s.alicdn.com/@sc04/kf/H8fd8319a35b342a18d3304957628ffeeY.jpg_300x300.jpg","Plus-size Loose Fit Polka Dot Print Retro Ethnic Style Short Sleeve Long <b>Robe</b> African Print","$7.82-8.33","",,"Min. order: 1 piece","Pinghe County Bixiang Online Sales Store (individual Business Owner)","3.7","2",,"1 yr","https://www.alibaba.com/product-detail/Plus-size-Loose-Fit-Polka-Dot_1601690469190.html"
"https://s.alicdn.com/@sc04/kf/He40f3ff3a1774949ae9fb727dce7069ed.jpg_300x300.jpg","Eco Bamboo Mommy <b>Robe</b> And Sleep Sack Natural Organic Nursing Gowns And Swaddle Print Mom <b>Robe</b> And Baby Swaddle","$8-18","",,"Min. order: 50 pieces","Changyi Hongbo Textile Co., Ltd.","4.7","26",,"18 yrs","https://www.alibaba.com/product-detail/Eco-Bamboo-Mommy-Robe-And-Sleep_1600262064098.html?s=p"
"https://s.alicdn.com/@sc04/kf/H23a248eee164479f8dec2a5ad025e55aP.jpg_300x300.jpg","S-5XL Elegant Muslim <b>Robe</b> Solid Color Long Sleeved Sequined Dress Fashionable Bubble Sleeve Long Skirt","$7.74","",,"Min. order: 2 pieces","Xinxiang City Muye District Ten Thousand Pavilion Clothing Co., Ltd.","3.9","140","Delivery by Mar 27","2 yrs","https://www.alibaba.com/product-detail/S-5XL-Elegant-Muslim-Robe-Solid_1601387091728.html"
"https://s.alicdn.com/@sc04/kf/Ad742f20f140e4eb88e24f7175c7cb51fF.png_300x300.png","100% Cotton Terry Bathrobe In Pastel Colors Home Textile Available In M/L/XL Sizes 360 GSM","$13.50","",,"Min. order: 500 pieces","ANITA KONFEKSIYON TEKSTIL SANAYI VE TICARET LIMITED SIRKETI","0.0","0",,"1 yr","https://www.alibaba.com/product-detail/100-Cotton-Terry-Bathrobe-In-Pastel_11000023497909.html?s=p"
"https://s.alicdn.com/@sc04/kf/A643dc4a1c81e414cbbca7d233df7981cx.jpeg_300x300.jpeg","Men's Polyester <b>Robe</b> With Qatar Stand Collar and Flap Pocket Arabian Middle East Design for Eid Occasions","$10","",,"Min. order: 2 pieces","STYLO INTERNATIONAL","4.5","10",,"1 yr","https://www.alibaba.com/product-detail/Men-s-Polyester-Robe-With-Qatar_11000027449907.html"
"https://s.alicdn.com/@sc04/kf/H01dee1b54b4045079a5bcbf09c32ac6d9.png_300x300.png","Best Selling 100% Polyester Spun <b>Robe</b> For Men Saudi Arabian Style White Color Muslim Breathable Material","$0.92-1.09","",,"Min. order: 3,000 meters","Hebei Xingye Import & Export Co., Ltd.","4.7","10",,"8 yrs","https://www.alibaba.com/product-detail/Best-Selling-100-Polyester-Spun-Robe_1601548259445.html?s=p"
"https://s.alicdn.com/@sc04/kf/Ae1e3e3df765342668331fe76581e3f644.jpeg_300x300.jpeg","Men's Plus Size Juba Saudi Islamic Dress Unique Styles Black Color Juba Thobe for Boys Adult Size New Unique Design","$8","",,"Min. order: 2 pieces","CLOTHING WAY INTERNATIONAL","4.2","5",,"1 yr","https://www.alibaba.com/product-detail/Men-s-Plus-Size-Juba-Saudi_11000029220889.html"
"https://s.alicdn.com/@sc04/kf/H85bb0abaca4c44ffbfab58f403e170c8N.jpg_300x300.jpg","Luxury Hotel & Spa Embroidered Silk-infused Japanese Pure Cotton Waffle Unisex Hooded Bathrobe OEKO-TEX Certified","$5.80-9.88","",,"Min. order: 50 pieces","Shandong Longxiang Textile Co., Ltd.","4.6","20",,"7 yrs","https://www.alibaba.com/product-detail/Luxury-Hotel-Spa-Embroidered-Silk-infused_1601466356847.html?s=p"
"https://s.alicdn.com/@sc04/kf/Adbf19aafedae4fc7a44b82792b804dd8U.jpg_300x300.jpg","Women Soft Cotton Kimono <b>Robe</b> Soft Cotton Kimono <b>Robe</b> for Women Lightweight Bathrobe with Belt Hotel Spa <b>Robe</b> Custom Colors","$8","",,"Min. order: 100 pieces","PINKWEAVE","0.0","0",,"3 yrs","https://www.alibaba.com/product-detail/Women-Soft-Cotton-Kimono-Robe-Soft_10000031095252.html"
"https://s.alicdn.com/@sc04/kf/H27ccaeefdb2b41b2bb9f86e7a8a61559c.jpg_300x300.jpg","Elegant Dresses For Women Birthday <b>Robe</b> Femme Summer Clothes Womens Maxi Dress Church Woman Casual Beach Fashion Moda","$81-85","",,"Min. order: 2 pieces","Shanghai Yibaishi Industrial Co., Ltd.","0.0","0",,"1 yr","https://www.alibaba.com/product-detail/Elegant-Dresses-For-Women-Birthday-Robe_1601574150446.html?s=p"
"https://s.alicdn.com/@sc04/kf/Hd8987fe7ae4d4b7ba7d4928857a094f9N.png_300x300.png","Stock Two-Piece New Muslim Embroidered Light Luxury Abaya Elegant Polyester <b>Robe</b> Autumn Middle Eastern Style Sweetheart Neckline","$25.48-29.40","",,"Min. order: 2 pieces","Shanghai Bihu Network Technology Co., Ltd.","5.0","2",,"1 yr","https://www.alibaba.com/product-detail/Stock-Two-Piece-New-Muslim-Embroidered_1601586989597.html"
"https://s.alicdn.com/@sc04/kf/H99d1d33f717e41f8a3cce77b686de9d48.jpg_300x300.jpg","Wholesale Luxury Hotel White Cutpile Velvet Bathrobe Terry Cloth Spa <b>Robe</b> Unisex Luxury Hotel Bathrobes","$5.20-6.90","",,"Min. order: 50 pieces","Shaoxing Xiaoxu Import And Export Co., Ltd.","4.9","51",,"4 yrs","https://www.alibaba.com/product-detail/Wholesale-Luxury-Hotel-White-Cutpile-Velvet_1601565825303.html?s=p"
"https://s.alicdn.com/@sc04/kf/H57dc81cfc3374b7ca0356f94d7c739d3a.jpg_300x300.jpg","Arabic Clothes Fashion Dress Islamic Clothing Arab Abaya Long Sleeve Arabian Muslim Women Waist Dress","$6.80","",,"Min. order: 3 pieces","Huizhou Shenyuan Toys Co., Ltd.","4.5","23","Delivery by Apr 08","4 yrs","https://www.alibaba.com/product-detail/Arabic-Clothes-Fashion-Dress-Islamic-Clothing_1601663918235.html"
"https://s.alicdn.com/@sc04/kf/Hac2fbed5d9e14be0bc303282c7d45268o.jpg_300x300.jpg","Best Selling Surf <b>Robe</b> Poncho Cotton Cape Beach Towel","$2-10","",,"Min. order: 50 pieces","Shandong Lihe Textile Co., Ltd.","4.5","4",,"5 yrs","https://www.alibaba.com/product-detail/Best-Selling-Surf-Robe-Poncho-Cotton_1600295298605.html?s=p"
"https://s.alicdn.com/@sc04/kf/Hcf2be2c519f6432a9de92fc5da3bcb00E.jpg_300x300.jpg","Milk Silk One Piece Long <b>Robe</b> Casual Style Prayer Abaya for Jilbab Nikab for Women Designed for Muslims Turkey Pakistan Saudi","$5.59","",,"Min. order: 100 pieces","Yiwu Lanna Trading Co., Ltd.","4.4","178","Delivery by May 23","5 yrs","https://www.alibaba.com/product-detail/Milk-Silk-One-Piece-Long-Robe_1601062527703.html"
"https://s.alicdn.com/@sc04/kf/Hd890f56d1e3249528808991af9eed402j.jpg_300x300.jpg","OEM Pure Cotton Terry Bath <b>Robe</b> For Women Quick-Dry And Disposable For Home Hotel Spa Adult Bathroom <b>Robe</b> Supplier","$6.71-7.89","",,"Min. order: 1,000 pieces","Zibo Hengyuan Textile Co., Ltd.","0.0","0",,"17 yrs","https://www.alibaba.com/product-detail/OEM-Pure-Cotton-Terry-Bath-Robe_1601205816619.html?s=p"
"https://s.alicdn.com/@sc04/kf/A6cb440d199494ab79bc5d7a8a33f45a6h.jpg_300x300.jpg","Kimono Velvet Plain Dyed Short Women Wear <b>Robe</b> Night Wear Sexy <b>Robe</b> Summer Wear <b>Robe</b> Kimono Dress","$21","",,"Min. order: 50 pieces","LUCKY HANDICRAFT","0.0","0",,"1 yr","https://www.alibaba.com/product-detail/Kimono-Velvet-Plain-Dyed-Short-Women_10000035297775.html"
"https://s.alicdn.com/@sc04/kf/H93de42d3d32f484e8ccbedb7436e0b51K.png_300x300.png","Unisex Egyptian Cotton Bath <b>Robe</b> 100% Luxury Terry Towelling Dressing Gown Soft Hooded Shawl Neck Loungewear Housecoat China","$20.06-24.07","",,"Min. order: 2 pieces","Shaoxing Rivhil Textiles Co., Ltd.","0.0","0",,"1 yr","https://www.alibaba.com/product-detail/Unisex-Egyptian-Cotton-Bath-Robe-100_1601660865719.html?s=p"
"https://s.alicdn.com/@sc04/kf/A009de82cb5af4be1ad36aca3ca2e5afcE.jpg_300x300.jpg","Women Lightweight Microfiber Bathrobe New Trending Knee-Length Sleepwear with Sexy Style Soft Kimono <b>Robe</b> Bath Gown","$20","",,"Min. order: 100 pieces","Rich Bro Industry","4.8","2",,"1 yr","https://www.alibaba.com/product-detail/Women-Lightweight-Microfiber-Bathrobe-New-Trending_11000023723704.html"
"https://s.alicdn.com/@sc04/kf/H5cb4049751fe467fbe8aa01d5b02efd3r.jpg_300x300.jpg","260217 Free Samples on Factory Price for Custom Bathrobe Bathrobe","$5-8","",,"Min. order: 1,000 pieces","Shanghai Easun Group Imp & Exp Co., Ltd.","0.0","0",,"9 yrs","https://www.alibaba.com/product-detail/260217-Free-Samples-on-Factory-Price_1601062378444.html"
"https://s.alicdn.com/@sc04/kf/He2c6d08945fe4516af0c5dae85bf610ct.jpg_300x300.jpg","New Fashion Casual Women's Satin <b>Robes</b>-Soft Smooth Classic Elegant Design Elastic Waist Front Home Wear Spring/Autumn Season","$13.80-18.80","",,"Min. order: 10 pieces","Imperial Start International Limited","5.0","1",,"1 yr","https://www.alibaba.com/product-detail/New-Fashion-Casual-Women-s-Satin_1601634676178.html"
"https://s.alicdn.com/@sc04/kf/Ac157586238424601a9ce4f37c273538aJ.jpg_300x300.jpg","2026 Casual Plus Size Maxi Modest Straight Ladies Eid Clothes Arabic Dubai Kaftan Afghan Abaya Women Muslim Prayer Dress","$12-22","",,"Min. order: 10 pieces","Parium Industry","0.0","0",,"1 yr","https://www.alibaba.com/product-detail/2026-Casual-Plus-Size-Maxi-Modest_11000030901068.html"
"https://s.alicdn.com/@sc04/kf/Sd30de26f061e418c9b18d4e4f368f9bak.jpg_300x300.jpg","High Quality Traditional Muslim Thobe Thawb for Arab Men Plus Size Breathable Polyester Embroidered Ankle Length Long Sleeve","$5.99","",,"Min. order: 2 pieces","HALLAFIN WEARS","5.0","7",,"5 yrs","https://www.alibaba.com/product-detail/High-Quality-Traditional-Muslim-Thobe-Thawb_10000039373710.html"
"https://s.alicdn.com/@sc04/kf/Sddbd18bb682e43f282cfe9cfa4ac2d49J.png_300x300.png","New Arrival Satin Kimono <b>Robe</b> Printed Long Sleeve Sleep <b>Robe</b> With Belt For Women","$15-19","",,"Min. order: 30 pieces","KUNHO Textiles (Tianjin) Co., Ltd.","0.0","0",,"1 yr","https://www.alibaba.com/product-detail/New-Arrival-Satin-Kimono-Robe-Printed_10000039675827.html"
"https://s.alicdn.com/@sc04/kf/H9e8ec5c487c348f8a21a97c4bd62be80j.jpg_300x300.jpg","High Quality Sweet Honeymoon Red Floral Eyelash Lace Lingerie for Winter for Bridesmaids Wedding <b>Robe</b> Summer Autumn Spring","$4.54-5.94","",,"Min. order: 100 sets","Ohyeah Lingerie Trade (xiamen) Co., Ltd.","4.8","21",,"17 yrs","https://www.alibaba.com/product-detail/High-Quality-Sweet-Honeymoon-Red-Floral_1600415836718.html"
